{"version": "0.3.1", "timestamp": "2023-05-05 13:54:45.458640", "metrics": [{"metric": "ColumnSummaryMetric", "result": {"column_name": "RI", "column_type": "num", "reference_characteristics": {"number_of_rows": 107, "count": 107, "missing": 0, "missing_percentage": 0.0, "mean": 1.52, "std": 0.0, "min": 1.51, "p25": 1.52, "p50": 1.52, "p75": 1.52, "max": 1.53, "unique": 98, "unique_percentage": 91.59, "infinite_count": 0, "infinite_percentage": 0.0, "most_common": 1.5159, "most_common_percentage": 1.87}, "current_characteristics": {"number_of_rows": 107, "count": 107, "missing": 0, "missing_percentage": 0.0, "mean": 1.52, "std": 0.0, "min": 1.51, "p25": 1.52, "p50": 1.52, "p75": 1.52, "max": 1.53, "unique": 98, "unique_percentage": 91.59, "infinite_count": 0, "infinite_percentage": 0.0, "most_common": 1.51646, "most_common_percentage": 1.87}}}, {"metric": "ColumnQuantileMetric", "result": {"column_name": "RI", "column_type": "num", "quantile": 0.25, "current": {"value": 1.5164149999999998}, "reference": {"value": 1.516695}}}, {"metric": "ColumnDriftMetric", "result": {"column_name": "RI", "column_type": "num", "stattest_name": "K-S p_value", "stattest_threshold": 0.05, "drift_score": 0.32008079607738543, "drift_detected": false, "current": {"small_distribution": {"x": [1.51215, 1.5136740000000002, 1.515198, 1.5167220000000001, 1.518246, 1.51977, 1.5212940000000001, 1.522818, 1.524342, 1.525866, 1.52739], "y": [18.39723305614738, 18.39723305615006, 196.23715259890537, 202.36956361765067, 104.25098731816848, 18.39723305614738, 55.19169916845018, 18.39723305614738, 0.0, 24.52964407486317]}}, "reference": {"small_distribution": {"x": [1.51115, 1.513428, 1.515706, 1.517984, 1.520262, 1.52254, 1.524818, 1.527096, 1.529374, 1.531652, 1.53393], "y": [12.307894283393356, 8.20526285559557, 217.43946567328263, 98.46315426714685, 69.74473427256235, 16.41052571119114, 4.102631427797785, 4.102631427797785, 4.102631427797785, 4.102631427797785]}}}}]}